﻿<data>
  <debug>0</debug><referral>pSawSj93fqGxetwqI</referral><template><name><![CDATA[]]></name><key><![CDATA[335bb2b7d242109a]]></key></template>
  <project_settings>
    <width>940</width>
    <height>400</height>
  </project_settings>
  <settings>
    <folder_images>images</folder_images>
    <folder_fonts>fonts</folder_fonts>
    <background>
      <color transparent="true">0xf4f4f2</color>
    </background>
    <start_slide>1</start_slide>
    <auto_play>true</auto_play>
    <randomize_slides>false</randomize_slides>
    <branding align_to="stage" align_pos="TR" x="-10" y="10">
      <remove_logo_loader>false</remove_logo_loader>
      <remove_right_menu_info>false</remove_right_menu_info>
      <remove_right_menu_licence>false</remove_right_menu_licence>
    </branding>
    <camera x="0" y="0" z="0" angleX="0" angleY="0" angleZ="0"/>
    <shadow show="true" use_image="false" color="0x000000" alpha="1" blur="30" corner_TL="0,260" corner_TR="941,260" corner_BR="985,430" corner_BL="-50,430"/>
  </settings>
  <fonts/>
  <preloader type="circular" align_pos="MC" width="200" height="20" x="-571" y="-175.025" radius="30">
    <background padding="5">
      <tweenShow tint="0x000000" alpha="0.85" x="0" y="0" scaleX="1" scaleY="1"/>
      <tweenOver alpha="1" x="0" y="0" scaleX="1" scaleY="1"/>
      <tweenHide alpha="0" x="0" y="0" scaleX="1" scaleY="1"/>
    </background>
    <loader>
      <tweenShow tint="0xffffff" alpha="0.8"/>
      <tweenOver tint="0xFFFFFF" alpha="1"/>
      <tweenHide tint="0xFFFFFF" alpha="0"/>
    </loader>
    <image align_pos="MC" x="0" y="0" loader_direction="down" align_to="stage" width="100" height="100">
      <url><![CDATA[custom-preloader-logo.png]]></url>
    </image>
    <hide_on_transition>true</hide_on_transition>
    <auto_hide time="3">true</auto_hide>
  </preloader>
  <controls>
    <prev_button align_pos="ML" width="40" height="50" x="0" y="0">
      <auto_hide time="3">false</auto_hide>
      <hide_on_transition>true</hide_on_transition>
      <background round_corners="0,25,25,0">
        <tweenShow tint="0xffffff" alpha="0.65" x="0" y="0"/>
        <tweenOver tint="0xffffff" alpha="0.9"/>
        <tweenHide tint="0xffffff" alpha="0"/>
        <tweenSelected tint="0xffffff" alpha="0"/>
      </background>
      <symbol type="1" align_pos="MC" x="-3" y="-0.025000000000005684">
        <tweenShow alpha="1" scaleX="0.9" scaleY="0.9" tint="0x666666" x="0" y="0"/>
        <tweenOver tint="0x333333" scaleX="0.9" scaleY="0.9" alpha="1" x="-0.025000000000005684" y="0"/>
        <tweenHide tint="0xFFFFFF" scaleX="0.85" scaleY="0.85" alpha="0" x="3" y="0.025000000000005684"/>
        <tweenSelected x="0" y="0"/>
      </symbol>
    </prev_button>
    <next_button align_pos="MR" width="40" height="50" x="0" y="0">
      <auto_hide time="3">false</auto_hide>
      <hide_on_transition>true</hide_on_transition>
      <background round_corners="25,0,0,25">
        <tweenShow tint="0xffffff" alpha="0.65" x="0" y="0"/>
        <tweenOver tint="0xffffff" alpha="0.9"/>
        <tweenHide tint="0xffffff" alpha="0"/>
      </background>
      <symbol type="1" align_pos="MC" x="2" y="-0.024999999999977263">
        <tweenShow alpha="1" scaleX="0.9" scaleY="0.9" tint="0x666666" x="0" y="0"/>
        <tweenOver tint="0x333333" scaleX="0.9" scaleY="0.9" alpha="1" x="-0.024999999999977263" y="0"/>
        <tweenHide tint="0xFFFFFF" scaleX="0.85" scaleY="0.85" alpha="0" x="-3" y="0.024999999999977263"/>
        <tweenSelected x="0" y="0"/>
      </symbol>
    </next_button>
  </controls>
  <description align_pos="BC" x="0" y="0" width="940" height="60">
    <auto_hide time="3">true</auto_hide>
    <hide_on_transition>true</hide_on_transition>
    <bake_on_transition>false</bake_on_transition>
    <background round_corners="0,0,0,0">
      <tweenShow tint="0xffffff" alpha="0.65" x="0" y="0" scaleX="1" scaleY="1"/>
      <tweenOver tint="0xffffff" alpha="0.85" x="0" y="0" scaleX="1" scaleY="1"/>
      <tweenHide tint="0xffffff" alpha="0" x="0" y="0" scaleX="1" scaleY="1"/>
    </background>
    <heading margin="5,5,5,5" text_size="18" x="5" y="5" width="90" text_leading="0" text_letterSpacing="0" font="Verdana" text_align="left">
      <tweenShow tint="0x000000" alpha="1"/>
      <tweenOver tint="0x000000" alpha="1"/>
      <tweenHide tint="0x000000" alpha="1"/>
      <tweenSelected tint="0x000000" alpha="1"/>
    </heading>
    <paragraph margin="0,5,5,5" text_size="12" text_leading="0" font="Tahoma" text_align="left" text_letterSpacing="0">
      <tweenShow tint="0x000000" alpha="1"/>
      <tweenOver tint="0x000000" alpha="1"/>
      <tweenHide tint="0x000000" alpha="1"/>
    </paragraph>
  </description>
  <defaults>
    <slide time="5" color="0x000000">
      <image align_pos="MC" x="0" y="0" scaleX="1" scaleY="1"/>
      <link target="_blank"/>
      <description>
        <link target="_blank"/>
      </description>
    </slide>
    <transition type="3D" columns="3" rows="3" type2D="slide" flipAngle="180" flipOrder="45" flipShader="none" flipOrderFromCenter="false" flipDirection="left" flipColor="0x878787" flipBoxDepth="20" flipDepth="260" flipEasing="Sine.easeOut" flipDuration=".6" flipDelay=".15"/>
  </defaults>
  <slides width="940" height="359.95" align_pos="TL" x="0" y="0" align_to="stage" corner_TL="0,0.025" corner_TR="940,0.025" corner_BL="0,359.975" corner_BR="940,359.975">
    <slide>
      <url><![CDATA[premium-wordpress-theme-newslider-1.jpg]]></url>
      <link target="_self"/>
      <description>
        <heading/>
        <paragraph/>
      </description>
    </slide>
    <transition rows="6" columns="4" flipOrder="45" flipDirection="up"/>
    <slide>
      <url><![CDATA[premium-wordpress-theme-newslider-4.jpg]]></url>
      <link target="_self"/>
      <description/>
    </slide>
    <transition rows="5" columns="1" flipOrder="270" flipDirection="down"/>
    <slide>
      <url><![CDATA[premium-wordpress-theme-newslider-2.jpg]]></url>
      <link target="_self"/>
      <description>
        <heading><![CDATA[Easily Add a Caption]]></heading>
        <paragraph><![CDATA[Lorem Ipsum Dolor Sit Amet.]]></paragraph>
      </description>
    </slide>
    <transition flipOrder="0" flipDirection="right" rows="1" columns="9"/>
    <slide>
      <url><![CDATA[premium-wordpress-theme-newslider-3.jpg]]></url>
      <link target="_self"/>
      <description/>
    </slide>
    <transition rows="5" columns="5" flipOrder="225" flipDirection="down"/>
    <slide>
      <url><![CDATA[premium-wordpress-theme-newslider-5.jpg]]></url>
      <link target="_self"/>
      <description/>
    </slide>
    <transition rows="1" columns="1" flipOrder="270" flipDirection="down" flipBoxDepth="250" flipDepth="400"/>
    <slide>
      <url><![CDATA[premium-wordpress-theme-newslider-6.jpg]]></url>
      <link target="_self"/>
      <description/>
    </slide>
    <transition rows="3" columns="1" flipBoxDepth="100" flipDepth="450" flipDirection="down" flipOrder="270" flipOrderFromCenter="true"/>
    <slide>
      <url><![CDATA[premium-wordpress-theme-newslider-1.jpg]]></url>
      <link target="_self"/>
      <description/>
    </slide>
    <transition rows="4" columns="4" flipOrder="315" flipDirection="up,left,right,down"/>
    <slide>
      <url><![CDATA[premium-wordpress-theme-newslider-2.jpg]]></url>
      <link target="_self"/>
      <description/>
    </slide>
    <transition flipOrder="180" flipOrderFromCenter="true" rows="1" columns="11" flipDirection="left"/>
  </slides>
</data>