<wpml-config>
 <custom-fields>
 	<custom-field action="translate">_portimage_full_value</custom-field>
 	<custom-field action="translate">_portimage_desc_value</custom-field>
 	<custom-field action="translate">_jcycle_url_value</custom-field> 
 	<custom-field action="ignore">_sc_port_count_value</custom-field> 
 	<custom-field action="translate">_pagetitle_value</custom-field>
 	<custom-field action="ignore">banner_search</custom-field> 
 	<custom-field action="ignore">page_comments</custom-field> 
 	<custom-field action="copy">page_primary_color_scheme</custom-field> 
 	<custom-field action="copy">page_secondary_color_scheme</custom-field> 
 	<custom-field action="copy">page_background_color</custom-field>      
 	<custom-field action="copy">page_background_image</custom-field>  
 	<custom-field action="copy">page_background_position</custom-field>  
	<custom-field action="copy">page_background_repeat</custom-field>   
 	<custom-field action="translate">aiosp_title</custom-field>
 	<custom-field action="translate">aiosp_description</custom-field> 
 	<custom-field action="translate">aiosp_keywords</custom-field> 
 </custom-fields>
 <admin-texts>
	<key name="ka_sitelogo" />
	<key name="ka_loginlogo" />
	<key name="ka_favicon" />
	<key name="ka_logo_icon" />
	<key name="ka_logo_text" />
	<key name="ka_google_analytics" />
	<key name="ka_blog_image_frame" />
	<key name="ka_searchbartext" />
	<key name="ka_breadcrumbs_home_text" />
	<key name="ka_scrolltoplinktext" />
	<key name="ka_contact_required" />
	<key name="ka_contact_successmsg" />
	<key name="ka_submit_button_text" />	
	<key name="ka_404title" />
	<key name="ka_404message" />
	<key name="ka_results_title" />
	<key name="ka_results_fallback" />
	<key name="ka_sitemap2_column1" />
	<key name="ka_sitemap2_column2" />
	<key name="ka_sitemap2_column3" />
	<key name="ka_jcycle_category" />
	<key name="ka_cu3er_slider_id" />
	<key name="ka_blogtitle" />
	<key name="ka_blogbutton" />
	<key name="ka_related_posts_title" />
	<key name="ka_woocommerce_title" />
	<key name="aioseop_options">
		<key name="aiosp_home_title" />
		<key name="aiosp_home_description" />
		<key name="aiosp_home_keywords" />
	</key>
 </admin-texts>
</wpml-config>