<wpml-config>
    <admin-texts>
        <key name="blumeresponsivetheme">
            <key name="ale_sitelogo" />
            <key name="ale_site_color" />
            <key name="ale_background">
                <key name="color" />
                <key name="image" />
                <key name="repeat" />
                <key name="position" />
                <key name="attachment" />
            </key>
            <key name="ale_favicon" />
            <key name="ale_comments_style" />
            <key name="ale_ajax_comments" />
            <key name="ale_social_sharing" />
            <key name="ale_copyrights" />
            <key name="ale_headerfont" />
            <key name="ale_bodyfont" />
            <key name="ale_h1sty">
                <key name="size" />
                <key name="face" />
                <key name="style" />
                <key name="color" />
            </key>
            <key name="ale_h2sty">
                <key name="size" />
                <key name="face" />
                <key name="style" />
                <key name="color" />
            </key>
            <key name="ale_h3sty">
                <key name="size" />
                <key name="face" />
                <key name="style" />
                <key name="color" />
            </key>
            <key name="ale_h4sty">
                <key name="size" />
                <key name="face" />
                <key name="style" />
                <key name="color" />
            </key>
            <key name="ale_h5sty">
                <key name="size" />
                <key name="face" />
                <key name="style" />
                <key name="color" />
            </key>
            <key name="ale_h6sty">
                <key name="size" />
                <key name="face" />
                <key name="style" />
                <key name="color" />
            </key>
            <key name="ale_bodystyle">
                <key name="size" />
                <key name="face" />
                <key name="style" />
                <key name="color" />
            </key>
            <key name="ale_fb" />
            <key name="ale_twi" />
            <key name="ale_gog" />
            <key name="ale_pint" />
            <key name="ale_vim" />
            <key name="ale_flickr" />
            <key name="ale_dri" />
            <key name="ale_inta" />
            <key name="ale_fb_id" />
            <key name="ale_og_enabled" />
            <key name="ale_sliderslug" />
            <key name="ale_footer_info" />
            <key name="ale_customcsscode" />
            <key name="ale_preloader" />
        </key>
    </admin-texts>
    <custom-types>
        <custom-type translate="1">gallery</custom-type>
        <custom-type translate="1">testimonials</custom-type>
    </custom-types>
    <taxonomies>
        <taxonomy translate="1">gallery-category</taxonomy>
    </taxonomies>
</wpml-config>


